{"cameraMode":{"drawMode":0,"name":"Shaded","section":"Shading Mode"},"sceneLighting":false,"audioPlay":false,"sceneViewState":{"showFog":true,"showMaterialUpdate":false,"showSkybox":false,"showFlares":true,"showImageEffects":true,"showParticleSystems":true},"in2DMode":false,"pivot":{"x":-0.5644892454147339,"y":-1.7999999523162842,"z":3.0390000343322756},"rotation":{"x":-0.08417364954948425,"y":-0.029294051229953767,"z":0.0024755424819886686,"w":-0.9960188269615173},"size":1.7727710008621216,"orthographic":false}